order_id,customer_id,order_date,revenue,discount_amount,product_category,product_subcategory,acquisition_source,customer_state
ORD-00001,CUST-0001,2023-01-23,114.2,0.0,Apparel,Tops,organic_search,MA
ORD-00002,CUST-0001,2023-02-21,82.96,0.0,Gifts,Gift Sets,organic_search,MA
ORD-00003,CUST-0001,2023-05-18,70.68,0.0,Home & Kitchen,Cookware,organic_search,MA
ORD-00004,CUST-0001,2023-11-13,137.76,0.0,Home & Kitchen,Bar & Entertaining,organic_search,MA
ORD-00005,CUST-0001,2024-01-03,58.77,0.0,Apparel,Bottoms,organic_search,MA
ORD-00006,CUST-0001,2024-02-04,173.59,0.0,Apparel,Outerwear,organic_search,MA
ORD-00007,CUST-0001,2024-05-25,144.34,0.0,Apparel,Bottoms,organic_search,MA
ORD-00008,CUST-0002,2023-01-04,112.63,0.0,Fitness,Apparel,paid_social,MA
ORD-00009,CUST-0002,2023-01-12,89.49,0.0,Apparel,Tops,paid_social,MA
ORD-00010,CUST-0002,2023-06-26,57.07,0.0,Apparel,Bottoms,paid_social,MA
ORD-00011,CUST-0002,2023-06-30,87.8,0.0,Gifts,Bundles,paid_social,MA
ORD-00012,CUST-0002,2024-01-26,116.45,0.0,Apparel,Accessories,paid_social,MA
ORD-00013,CUST-0002,2024-01-28,135.83,38.41,Apparel,Outerwear,paid_social,MA
ORD-00014,CUST-0002,2024-03-11,121.46,0.0,Apparel,Tops,paid_social,MA
ORD-00015,CUST-0002,2024-05-25,121.41,0.0,Fitness,Recovery,paid_social,MA
ORD-00016,CUST-0003,2023-01-07,82.8,0.0,Home & Kitchen,Cookware,organic_search,TX
ORD-00017,CUST-0003,2023-02-12,120.53,19.89,Fitness,Nutrition,organic_search,TX
ORD-00018,CUST-0003,2023-03-01,120.88,0.0,Gifts,Seasonal,organic_search,TX
ORD-00019,CUST-0003,2023-05-04,90.96,0.0,Gifts,Seasonal,organic_search,TX
ORD-00020,CUST-0003,2023-09-05,152.64,0.0,Gifts,Gift Sets,organic_search,TX
ORD-00021,CUST-0003,2023-10-24,104.71,0.0,Gifts,Gift Sets,organic_search,TX
ORD-00022,CUST-0003,2024-05-21,36.92,0.0,Gifts,Bundles,organic_search,TX
ORD-00023,CUST-0003,2024-06-01,110.12,23.07,Beauty & Wellness,Skincare,organic_search,TX
ORD-00024,CUST-0004,2023-10-29,77.44,0.0,Beauty & Wellness,Bath & Body,direct,TX
ORD-00025,CUST-0004,2023-10-30,116.69,0.0,Gifts,Personalized,direct,TX
ORD-00026,CUST-0004,2023-10-31,81.93,0.0,Beauty & Wellness,Skincare,direct,TX
ORD-00027,CUST-0004,2023-11-28,100.99,0.0,Beauty & Wellness,Supplements,direct,TX
ORD-00028,CUST-0004,2023-12-07,142.49,0.0,Beauty & Wellness,Bath & Body,direct,TX
ORD-00029,CUST-0004,2024-02-17,107.85,0.0,Gifts,Bundles,direct,TX
ORD-00030,CUST-0004,2024-04-26,159.44,0.0,Beauty & Wellness,Bath & Body,direct,TX
ORD-00031,CUST-0004,2024-04-30,78.56,0.0,Beauty & Wellness,Supplements,direct,TX
ORD-00032,CUST-0005,2023-01-15,98.84,0.0,Gifts,Bundles,referral,TX
ORD-00033,CUST-0005,2023-03-25,167.09,0.0,Fitness,Nutrition,referral,TX
ORD-00034,CUST-0005,2023-05-19,132.66,0.0,Beauty & Wellness,Supplements,referral,TX
ORD-00035,CUST-0005,2023-05-28,116.22,0.0,Gifts,Personalized,referral,TX
ORD-00036,CUST-0005,2023-08-19,144.13,0.0,Beauty & Wellness,Skincare,referral,TX
ORD-00037,CUST-0005,2023-09-21,116.5,0.0,Beauty & Wellness,Haircare,referral,TX
ORD-00038,CUST-0005,2023-09-27,130.63,0.0,Home & Kitchen,Bar & Entertaining,referral,TX
ORD-00039,CUST-0005,2023-11-24,71.49,0.0,Gifts,Seasonal,referral,TX
ORD-00040,CUST-0005,2023-12-04,69.9,0.0,Apparel,Accessories,referral,TX
ORD-00041,CUST-0005,2023-12-08,92.9,0.0,Apparel,Outerwear,referral,TX
ORD-00042,CUST-0005,2024-05-25,131.75,0.0,Beauty & Wellness,Bath & Body,referral,TX
ORD-00043,CUST-0006,2023-01-08,147.68,0.0,Beauty & Wellness,Bath & Body,direct,IL
ORD-00044,CUST-0006,2023-04-10,92.17,0.0,Apparel,Tops,direct,IL
ORD-00045,CUST-0006,2023-05-26,159.41,0.0,Fitness,Equipment,direct,IL
ORD-00046,CUST-0006,2023-05-26,115.39,0.0,Beauty & Wellness,Haircare,direct,IL
ORD-00047,CUST-0006,2023-09-04,101.27,0.0,Gifts,Bundles,direct,IL
ORD-00048,CUST-0006,2023-10-15,121.14,0.0,Home & Kitchen,Bar & Entertaining,direct,IL
ORD-00049,CUST-0006,2023-12-23,68.78,0.0,Beauty & Wellness,Supplements,direct,IL
ORD-00050,CUST-0006,2024-02-28,119.77,0.0,Beauty & Wellness,Skincare,direct,IL
ORD-00051,CUST-0006,2024-05-14,142.75,0.0,Beauty & Wellness,Haircare,direct,IL
ORD-00052,CUST-0006,2024-05-19,110.85,0.0,Beauty & Wellness,Haircare,direct,IL
ORD-00053,CUST-0007,2023-01-04,127.23,0.0,Beauty & Wellness,Haircare,referral,NY
ORD-00054,CUST-0007,2023-02-22,138.43,0.0,Gifts,Bundles,referral,NY
ORD-00055,CUST-0007,2023-03-05,110.14,0.0,Apparel,Bottoms,referral,NY
ORD-00056,CUST-0007,2023-03-16,81.76,0.0,Apparel,Tops,referral,NY
ORD-00057,CUST-0007,2023-03-25,89.95,0.0,Apparel,Tops,referral,NY
ORD-00058,CUST-0007,2023-05-22,58.28,0.0,Apparel,Accessories,referral,NY
ORD-00059,CUST-0007,2023-09-10,138.42,0.0,Home & Kitchen,Small Appliances,referral,NY
ORD-00060,CUST-0007,2023-10-07,106.3,0.0,Apparel,Outerwear,referral,NY
ORD-00061,CUST-0007,2023-10-15,65.34,0.0,Apparel,Accessories,referral,NY
ORD-00062,CUST-0007,2023-10-25,80.04,0.0,Home & Kitchen,Bar & Entertaining,referral,NY
ORD-00063,CUST-0007,2023-12-04,110.56,0.0,Apparel,Accessories,referral,NY
ORD-00064,CUST-0007,2023-12-28,119.44,30.47,Apparel,Accessories,referral,NY
ORD-00065,CUST-0007,2024-01-16,151.2,0.0,Fitness,Recovery,referral,NY
ORD-00066,CUST-0007,2024-02-24,145.34,0.0,Gifts,Seasonal,referral,NY
ORD-00067,CUST-0007,2024-03-01,109.78,0.0,Gifts,Bundles,referral,NY
ORD-00068,CUST-0007,2024-06-07,148.64,0.0,Apparel,Tops,referral,NY
ORD-00069,CUST-0008,2023-10-18,88.21,0.0,Home & Kitchen,Linens,organic_search,TX
ORD-00070,CUST-0008,2023-12-29,76.18,0.0,Apparel,Bottoms,organic_search,TX
ORD-00071,CUST-0008,2024-02-10,115.67,0.0,Apparel,Outerwear,organic_search,TX
ORD-00072,CUST-0008,2024-03-16,105.35,0.0,Apparel,Bottoms,organic_search,TX
ORD-00073,CUST-0008,2024-04-14,98.13,0.0,Home & Kitchen,Bar & Entertaining,organic_search,TX
ORD-00074,CUST-0008,2024-05-28,74.82,0.0,Home & Kitchen,Small Appliances,organic_search,TX
ORD-00075,CUST-0009,2023-05-14,130.85,0.0,Apparel,Outerwear,referral,FL
ORD-00076,CUST-0009,2023-11-05,120.21,0.0,Beauty & Wellness,Haircare,referral,FL
ORD-00077,CUST-0009,2023-12-19,103.39,0.0,Beauty & Wellness,Skincare,referral,FL
ORD-00078,CUST-0009,2024-06-04,92.04,0.0,Beauty & Wellness,Haircare,referral,FL
ORD-00079,CUST-0009,2024-06-20,154.74,0.0,Beauty & Wellness,Supplements,referral,FL
ORD-00080,CUST-0010,2023-09-10,101.67,0.0,Home & Kitchen,Linens,organic_search,MA
ORD-00081,CUST-0010,2024-01-21,54.17,14.35,Fitness,Apparel,organic_search,MA
ORD-00082,CUST-0010,2024-03-22,127.73,0.0,Fitness,Recovery,organic_search,MA
ORD-00083,CUST-0010,2024-06-02,60.31,0.0,Fitness,Nutrition,organic_search,MA
ORD-00084,CUST-0011,2023-02-13,91.33,0.0,Apparel,Outerwear,email,FL
ORD-00085,CUST-0011,2023-12-29,99.88,0.0,Home & Kitchen,Small Appliances,email,FL
ORD-00086,CUST-0011,2024-01-05,73.37,0.0,Home & Kitchen,Cookware,email,FL
ORD-00087,CUST-0011,2024-01-13,151.51,40.21,Beauty & Wellness,Skincare,email,FL
ORD-00088,CUST-0011,2024-06-13,140.25,0.0,Home & Kitchen,Bar & Entertaining,email,FL
ORD-00089,CUST-0012,2023-03-13,77.01,0.0,Apparel,Accessories,email,GA
ORD-00090,CUST-0012,2023-11-15,93.0,0.0,Home & Kitchen,Cookware,email,GA
ORD-00091,CUST-0012,2024-06-04,127.34,0.0,Apparel,Outerwear,email,GA
ORD-00092,CUST-0012,2024-06-24,111.55,0.0,Apparel,Accessories,email,GA
ORD-00093,CUST-0013,2023-02-15,127.22,0.0,Beauty & Wellness,Skincare,email,WA
ORD-00094,CUST-0013,2023-04-01,57.64,0.0,Apparel,Accessories,email,WA
ORD-00095,CUST-0013,2023-04-12,91.22,0.0,Beauty & Wellness,Haircare,email,WA
ORD-00096,CUST-0013,2023-04-12,162.17,26.31,Fitness,Nutrition,email,WA
ORD-00097,CUST-0013,2023-10-03,121.03,0.0,Fitness,Nutrition,email,WA
ORD-00098,CUST-0013,2024-01-01,101.4,0.0,Home & Kitchen,Bar & Entertaining,email,WA
ORD-00099,CUST-0013,2024-01-23,121.55,0.0,Beauty & Wellness,Supplements,email,WA
ORD-00100,CUST-0013,2024-05-11,100.58,0.0,Home & Kitchen,Cookware,email,WA
ORD-00101,CUST-0013,2024-05-15,114.08,0.0,Fitness,Equipment,email,WA
ORD-00102,CUST-0013,2024-06-08,163.59,0.0,Home & Kitchen,Linens,email,WA
ORD-00103,CUST-0014,2023-01-12,97.86,0.0,Home & Kitchen,Small Appliances,email,WA
ORD-00104,CUST-0014,2023-11-04,131.66,0.0,Beauty & Wellness,Bath & Body,email,WA
ORD-00105,CUST-0014,2023-11-04,121.06,0.0,Beauty & Wellness,Skincare,email,WA
ORD-00106,CUST-0014,2024-01-31,120.02,0.0,Beauty & Wellness,Haircare,email,WA
ORD-00107,CUST-0014,2024-05-28,112.02,0.0,Beauty & Wellness,Skincare,email,WA
ORD-00108,CUST-0015,2023-02-20,102.8,0.0,Beauty & Wellness,Skincare,email,IL
ORD-00109,CUST-0015,2024-02-19,104.38,0.0,Beauty & Wellness,Bath & Body,email,IL
ORD-00110,CUST-0015,2024-05-14,69.18,0.0,Apparel,Bottoms,email,IL
ORD-00111,CUST-0015,2024-06-16,65.48,0.0,Beauty & Wellness,Bath & Body,email,IL
ORD-00112,CUST-0016,2023-04-10,125.56,0.0,Beauty & Wellness,Haircare,email,TX
ORD-00113,CUST-0016,2023-10-05,94.11,0.0,Gifts,Personalized,email,TX
ORD-00114,CUST-0016,2023-12-16,155.81,0.0,Beauty & Wellness,Supplements,email,TX
ORD-00115,CUST-0016,2024-01-06,130.99,0.0,Beauty & Wellness,Supplements,email,TX
ORD-00116,CUST-0016,2024-02-14,85.35,0.0,Apparel,Bottoms,email,TX
ORD-00117,CUST-0016,2024-03-10,73.73,0.0,Beauty & Wellness,Supplements,email,TX
ORD-00118,CUST-0016,2024-05-08,151.42,0.0,Home & Kitchen,Small Appliances,email,TX
ORD-00119,CUST-0016,2024-05-10,134.05,0.0,Beauty & Wellness,Skincare,email,TX
ORD-00120,CUST-0016,2024-06-07,90.04,0.0,Beauty & Wellness,Skincare,email,TX
ORD-00121,CUST-0017,2023-04-22,86.56,0.0,Apparel,Tops,direct,CA
ORD-00122,CUST-0017,2023-12-07,75.63,0.0,Beauty & Wellness,Skincare,direct,CA
ORD-00123,CUST-0017,2024-01-24,103.84,0.0,Apparel,Tops,direct,CA
ORD-00124,CUST-0017,2024-01-26,109.58,0.0,Apparel,Tops,direct,CA
ORD-00125,CUST-0017,2024-05-14,94.71,0.0,Home & Kitchen,Cookware,direct,CA
ORD-00126,CUST-0017,2024-06-17,134.57,0.0,Apparel,Accessories,direct,CA
ORD-00127,CUST-0017,2024-06-23,63.71,0.0,Apparel,Tops,direct,CA
ORD-00128,CUST-0018,2023-02-04,99.96,0.0,Beauty & Wellness,Bath & Body,email,WA
ORD-00129,CUST-0018,2023-02-14,111.13,0.0,Beauty & Wellness,Bath & Body,email,WA
ORD-00130,CUST-0018,2023-03-03,98.9,0.0,Beauty & Wellness,Supplements,email,WA
ORD-00131,CUST-0018,2023-04-16,131.57,0.0,Apparel,Bottoms,email,WA
ORD-00132,CUST-0018,2023-05-24,98.73,0.0,Beauty & Wellness,Bath & Body,email,WA
ORD-00133,CUST-0018,2023-08-24,168.35,0.0,Beauty & Wellness,Haircare,email,WA
ORD-00134,CUST-0018,2023-09-19,132.64,0.0,Beauty & Wellness,Supplements,email,WA
ORD-00135,CUST-0018,2023-11-08,91.07,0.0,Apparel,Outerwear,email,WA
ORD-00136,CUST-0018,2023-11-30,72.74,0.0,Beauty & Wellness,Bath & Body,email,WA
ORD-00137,CUST-0018,2024-04-23,128.54,0.0,Beauty & Wellness,Supplements,email,WA
ORD-00138,CUST-0018,2024-06-04,61.56,0.0,Gifts,Personalized,email,WA
ORD-00139,CUST-0018,2024-06-29,89.95,0.0,Home & Kitchen,Small Appliances,email,WA
ORD-00140,CUST-0019,2023-01-10,131.38,0.0,Home & Kitchen,Linens,direct,TX
ORD-00141,CUST-0019,2023-02-26,96.01,0.0,Apparel,Outerwear,direct,TX
ORD-00142,CUST-0019,2023-04-16,156.99,0.0,Fitness,Equipment,direct,TX
ORD-00143,CUST-0019,2023-06-26,100.85,0.0,Beauty & Wellness,Haircare,direct,TX
ORD-00144,CUST-0019,2023-07-06,106.01,0.0,Gifts,Seasonal,direct,TX
ORD-00145,CUST-0019,2023-11-26,93.54,0.0,Home & Kitchen,Small Appliances,direct,TX
ORD-00146,CUST-0019,2024-03-14,86.29,0.0,Home & Kitchen,Cookware,direct,TX
ORD-00147,CUST-0019,2024-05-28,117.56,0.0,Home & Kitchen,Bar & Entertaining,direct,TX
ORD-00148,CUST-0020,2023-01-03,121.68,0.0,Home & Kitchen,Bar & Entertaining,organic_search,FL
ORD-00149,CUST-0020,2023-01-03,167.35,28.37,Fitness,Equipment,organic_search,FL
ORD-00150,CUST-0020,2023-05-13,138.57,0.0,Fitness,Recovery,organic_search,FL
ORD-00151,CUST-0020,2023-10-26,60.43,6.3,Apparel,Accessories,organic_search,FL
ORD-00152,CUST-0020,2023-11-28,136.39,0.0,Beauty & Wellness,Supplements,organic_search,FL
ORD-00153,CUST-0020,2023-12-14,79.38,0.0,Beauty & Wellness,Supplements,organic_search,FL
ORD-00154,CUST-0020,2024-06-12,139.83,0.0,Beauty & Wellness,Haircare,organic_search,FL
ORD-00155,CUST-0021,2023-01-13,36.53,0.0,Fitness,Apparel,email,MA
ORD-00156,CUST-0021,2023-01-23,140.26,0.0,Apparel,Outerwear,email,MA
ORD-00157,CUST-0021,2023-05-17,98.15,0.0,Apparel,Outerwear,email,MA
ORD-00158,CUST-0021,2023-08-06,92.53,0.0,Apparel,Accessories,email,MA
ORD-00159,CUST-0021,2023-11-11,51.73,6.74,Apparel,Accessories,email,MA
ORD-00160,CUST-0021,2024-01-13,74.57,0.0,Apparel,Outerwear,email,MA
ORD-00161,CUST-0021,2024-01-25,151.11,0.0,Apparel,Outerwear,email,MA
ORD-00162,CUST-0021,2024-05-07,110.01,0.0,Apparel,Bottoms,email,MA
ORD-00163,CUST-0021,2024-05-23,80.73,0.0,Gifts,Bundles,email,MA
ORD-00164,CUST-0022,2023-01-02,124.82,0.0,Fitness,Equipment,paid_social,TX
ORD-00165,CUST-0022,2023-04-04,98.57,0.0,Fitness,Equipment,paid_social,TX
ORD-00166,CUST-0022,2023-11-11,115.37,0.0,Fitness,Recovery,paid_social,TX
ORD-00167,CUST-0022,2023-11-15,86.26,0.0,Fitness,Recovery,paid_social,TX
ORD-00168,CUST-0022,2023-12-14,70.3,0.0,Home & Kitchen,Linens,paid_social,TX
ORD-00169,CUST-0022,2024-03-05,90.88,0.0,Apparel,Tops,paid_social,TX
ORD-00170,CUST-0022,2024-04-02,70.99,0.0,Fitness,Recovery,paid_social,TX
ORD-00171,CUST-0022,2024-05-19,182.18,0.0,Fitness,Nutrition,paid_social,TX
ORD-00172,CUST-0022,2024-05-21,110.8,0.0,Home & Kitchen,Bar & Entertaining,paid_social,TX
ORD-00173,CUST-0022,2024-06-03,100.16,0.0,Apparel,Outerwear,paid_social,TX
ORD-00174,CUST-0023,2023-09-24,131.66,0.0,Home & Kitchen,Small Appliances,organic_search,CA
ORD-00175,CUST-0023,2023-11-06,107.55,0.0,Apparel,Accessories,organic_search,CA
ORD-00176,CUST-0023,2023-11-09,102.78,0.0,Beauty & Wellness,Haircare,organic_search,CA
ORD-00177,CUST-0023,2024-02-24,62.4,0.0,Apparel,Outerwear,organic_search,CA
ORD-00178,CUST-0023,2024-03-16,105.89,0.0,Home & Kitchen,Cookware,organic_search,CA
ORD-00179,CUST-0023,2024-04-17,117.52,0.0,Apparel,Tops,organic_search,CA
ORD-00180,CUST-0023,2024-04-25,94.79,0.0,Apparel,Outerwear,organic_search,CA
ORD-00181,CUST-0023,2024-05-02,92.72,17.79,Home & Kitchen,Linens,organic_search,CA
ORD-00182,CUST-0023,2024-06-07,116.64,0.0,Apparel,Accessories,organic_search,CA
ORD-00183,CUST-0024,2023-01-13,179.31,0.0,Gifts,Personalized,referral,CA
ORD-00184,CUST-0024,2023-01-18,79.52,0.0,Home & Kitchen,Linens,referral,CA
ORD-00185,CUST-0024,2023-01-30,161.24,0.0,Fitness,Recovery,referral,CA
ORD-00186,CUST-0024,2023-03-16,107.07,29.26,Beauty & Wellness,Supplements,referral,CA
ORD-00187,CUST-0024,2023-03-19,119.97,0.0,Fitness,Recovery,referral,CA
ORD-00188,CUST-0024,2023-11-16,131.63,0.0,Gifts,Gift Sets,referral,CA
ORD-00189,CUST-0024,2024-05-26,98.6,0.0,Gifts,Seasonal,referral,CA
ORD-00190,CUST-0025,2023-08-17,110.85,0.0,Home & Kitchen,Cookware,referral,CA
ORD-00191,CUST-0025,2023-09-20,142.83,0.0,Home & Kitchen,Cookware,referral,CA
ORD-00192,CUST-0025,2023-10-06,103.56,0.0,Apparel,Accessories,referral,CA
ORD-00193,CUST-0025,2023-12-01,106.26,0.0,Beauty & Wellness,Bath & Body,referral,CA
ORD-00194,CUST-0025,2023-12-29,100.82,0.0,Home & Kitchen,Bar & Entertaining,referral,CA
ORD-00195,CUST-0025,2024-02-19,118.76,0.0,Apparel,Accessories,referral,CA
ORD-00196,CUST-0025,2024-06-13,107.54,0.0,Home & Kitchen,Cookware,referral,CA
ORD-00197,CUST-0026,2023-02-09,111.97,0.0,Beauty & Wellness,Bath & Body,email,WA
ORD-00198,CUST-0026,2023-04-04,92.0,0.0,Home & Kitchen,Cookware,email,WA
ORD-00199,CUST-0026,2023-09-14,80.98,0.0,Home & Kitchen,Bar & Entertaining,email,WA
ORD-00200,CUST-0026,2023-09-16,158.05,0.0,Home & Kitchen,Cookware,email,WA
ORD-00201,CUST-0026,2023-10-14,132.1,0.0,Fitness,Equipment,email,WA
ORD-00202,CUST-0026,2023-10-27,106.97,0.0,Home & Kitchen,Linens,email,WA
ORD-00203,CUST-0026,2024-02-22,113.66,0.0,Home & Kitchen,Linens,email,WA
ORD-00204,CUST-0026,2024-02-24,85.17,0.0,Home & Kitchen,Bar & Entertaining,email,WA
ORD-00205,CUST-0027,2023-03-28,77.65,0.0,Home & Kitchen,Small Appliances,organic_search,CA
ORD-00206,CUST-0027,2023-04-12,89.07,0.0,Home & Kitchen,Cookware,organic_search,CA
ORD-00207,CUST-0027,2023-11-19,106.13,0.0,Home & Kitchen,Bar & Entertaining,organic_search,CA
ORD-00208,CUST-0027,2024-03-07,121.89,0.0,Home & Kitchen,Linens,organic_search,CA
ORD-00209,CUST-0027,2024-04-06,130.66,0.0,Home & Kitchen,Small Appliances,organic_search,CA
ORD-00210,CUST-0027,2024-05-05,127.81,0.0,Home & Kitchen,Cookware,organic_search,CA
ORD-00211,CUST-0027,2024-05-18,88.49,0.0,Gifts,Seasonal,organic_search,CA
ORD-00212,CUST-0028,2023-03-10,81.77,0.0,Fitness,Nutrition,organic_search,TX
ORD-00213,CUST-0028,2023-03-11,88.26,0.0,Apparel,Bottoms,organic_search,TX
ORD-00214,CUST-0028,2023-03-12,108.84,0.0,Beauty & Wellness,Haircare,organic_search,TX
ORD-00215,CUST-0028,2023-09-30,45.05,0.0,Beauty & Wellness,Bath & Body,organic_search,TX
ORD-00216,CUST-0028,2023-11-11,90.88,0.0,Beauty & Wellness,Bath & Body,organic_search,TX
ORD-00217,CUST-0028,2023-12-18,36.46,0.0,Beauty & Wellness,Bath & Body,organic_search,TX
ORD-00218,CUST-0028,2024-06-22,80.82,0.0,Beauty & Wellness,Haircare,organic_search,TX
ORD-00219,CUST-0029,2023-02-01,96.11,0.0,Home & Kitchen,Linens,organic_search,NY
ORD-00220,CUST-0029,2023-03-19,144.57,0.0,Apparel,Accessories,organic_search,NY
ORD-00221,CUST-0029,2023-04-21,146.63,0.0,Apparel,Tops,organic_search,NY
ORD-00222,CUST-0029,2023-07-09,165.53,0.0,Apparel,Tops,organic_search,NY
ORD-00223,CUST-0029,2023-09-05,117.79,0.0,Gifts,Bundles,organic_search,NY
ORD-00224,CUST-0029,2023-11-25,174.57,0.0,Apparel,Tops,organic_search,NY
ORD-00225,CUST-0029,2024-01-07,72.07,0.0,Apparel,Accessories,organic_search,NY
ORD-00226,CUST-0029,2024-03-22,125.05,0.0,Apparel,Tops,organic_search,NY
ORD-00227,CUST-0029,2024-04-03,92.89,0.0,Apparel,Tops,organic_search,NY
ORD-00228,CUST-0029,2024-06-21,62.86,17.55,Apparel,Bottoms,organic_search,NY
ORD-00229,CUST-0030,2023-06-14,88.61,0.0,Apparel,Bottoms,organic_search,FL
ORD-00230,CUST-0030,2023-11-05,112.07,0.0,Apparel,Outerwear,organic_search,FL
ORD-00231,CUST-0030,2023-11-30,102.99,0.0,Gifts,Seasonal,organic_search,FL
ORD-00232,CUST-0030,2024-05-04,136.22,0.0,Apparel,Outerwear,organic_search,FL
ORD-00233,CUST-0030,2024-05-09,104.15,0.0,Apparel,Bottoms,organic_search,FL
ORD-00234,CUST-0030,2024-06-03,155.78,0.0,Apparel,Tops,organic_search,FL
ORD-00235,CUST-0031,2023-01-29,29.12,0.0,Home & Kitchen,Bar & Entertaining,direct,CA
ORD-00236,CUST-0031,2023-02-25,113.76,0.0,Apparel,Tops,direct,CA
ORD-00237,CUST-0031,2024-02-15,84.32,0.0,Gifts,Seasonal,direct,CA
ORD-00238,CUST-0031,2024-03-11,83.88,0.0,Home & Kitchen,Bar & Entertaining,direct,CA
ORD-00239,CUST-0032,2023-04-30,87.17,0.0,Fitness,Recovery,direct,TX
ORD-00240,CUST-0032,2023-07-04,104.44,0.0,Fitness,Recovery,direct,TX
ORD-00241,CUST-0032,2023-08-15,117.46,0.0,Fitness,Apparel,direct,TX
ORD-00242,CUST-0032,2023-10-14,125.65,0.0,Fitness,Apparel,direct,TX
ORD-00243,CUST-0032,2023-11-29,105.75,0.0,Apparel,Tops,direct,TX
ORD-00244,CUST-0032,2023-12-01,138.14,29.38,Gifts,Gift Sets,direct,TX
ORD-00245,CUST-0032,2023-12-25,94.18,0.0,Fitness,Nutrition,direct,TX
ORD-00246,CUST-0032,2024-01-04,159.02,0.0,Apparel,Bottoms,direct,TX
ORD-00247,CUST-0032,2024-03-13,113.44,0.0,Fitness,Recovery,direct,TX
ORD-00248,CUST-0032,2024-06-09,60.93,0.0,Home & Kitchen,Cookware,direct,TX
ORD-00249,CUST-0033,2023-03-27,79.15,0.0,Beauty & Wellness,Bath & Body,direct,CA
ORD-00250,CUST-0033,2023-08-20,83.15,0.0,Home & Kitchen,Bar & Entertaining,direct,CA
ORD-00251,CUST-0033,2024-01-01,104.64,0.0,Fitness,Apparel,direct,CA
ORD-00252,CUST-0033,2024-06-18,82.01,9.06,Home & Kitchen,Bar & Entertaining,direct,CA
ORD-00253,CUST-0034,2023-04-20,78.55,18.04,Home & Kitchen,Linens,email,FL
ORD-00254,CUST-0034,2023-06-05,67.37,9.81,Gifts,Bundles,email,FL
ORD-00255,CUST-0034,2023-07-05,75.3,0.0,Fitness,Recovery,email,FL
ORD-00256,CUST-0034,2024-01-18,86.29,0.0,Home & Kitchen,Linens,email,FL
ORD-00257,CUST-0034,2024-01-28,80.51,0.0,Fitness,Equipment,email,FL
ORD-00258,CUST-0034,2024-06-17,141.27,0.0,Home & Kitchen,Small Appliances,email,FL
ORD-00259,CUST-0034,2024-06-26,67.9,0.0,Home & Kitchen,Bar & Entertaining,email,FL
ORD-00260,CUST-0034,2024-06-30,69.65,0.0,Beauty & Wellness,Skincare,email,FL
ORD-00261,CUST-0035,2023-03-03,100.01,0.0,Gifts,Seasonal,referral,MA
ORD-00262,CUST-0035,2023-07-17,82.3,15.19,Beauty & Wellness,Supplements,referral,MA
ORD-00263,CUST-0036,2023-03-08,123.35,13.29,Fitness,Apparel,referral,OH
ORD-00264,CUST-0036,2023-04-04,80.16,0.0,Gifts,Gift Sets,referral,OH
ORD-00265,CUST-0036,2024-05-20,113.22,0.0,Beauty & Wellness,Supplements,referral,OH
ORD-00266,CUST-0037,2023-07-15,121.83,12.59,Beauty & Wellness,Skincare,organic_search,WA
ORD-00267,CUST-0037,2023-07-17,118.0,0.0,Home & Kitchen,Cookware,organic_search,WA
ORD-00268,CUST-0037,2024-05-29,79.57,0.0,Gifts,Seasonal,organic_search,WA
ORD-00269,CUST-0038,2023-02-23,77.68,0.0,Home & Kitchen,Cookware,email,CA
ORD-00270,CUST-0038,2023-04-09,87.38,0.0,Home & Kitchen,Small Appliances,email,CA
ORD-00271,CUST-0038,2024-05-14,74.58,0.0,Apparel,Accessories,email,CA
ORD-00272,CUST-0038,2024-05-24,59.21,0.0,Beauty & Wellness,Bath & Body,email,CA
ORD-00273,CUST-0039,2023-08-17,88.36,0.0,Gifts,Personalized,paid_social,TX
ORD-00274,CUST-0040,2024-01-19,108.18,0.0,Fitness,Nutrition,organic_search,NY
ORD-00275,CUST-0040,2024-03-21,87.04,0.0,Gifts,Seasonal,organic_search,NY
ORD-00276,CUST-0040,2024-05-19,98.33,0.0,Fitness,Equipment,organic_search,NY
ORD-00277,CUST-0041,2023-02-27,78.72,0.0,Home & Kitchen,Bar & Entertaining,direct,CO
ORD-00278,CUST-0041,2023-03-10,94.79,0.0,Home & Kitchen,Bar & Entertaining,direct,CO
ORD-00279,CUST-0041,2023-04-08,71.18,0.0,Home & Kitchen,Small Appliances,direct,CO
ORD-00280,CUST-0041,2023-12-04,131.03,0.0,Home & Kitchen,Small Appliances,direct,CO
ORD-00281,CUST-0041,2023-12-09,74.55,17.59,Home & Kitchen,Linens,direct,CO
ORD-00282,CUST-0041,2024-02-14,106.1,0.0,Home & Kitchen,Bar & Entertaining,direct,CO
ORD-00283,CUST-0041,2024-05-23,85.88,0.0,Home & Kitchen,Bar & Entertaining,direct,CO
ORD-00284,CUST-0041,2024-06-22,111.14,0.0,Home & Kitchen,Linens,direct,CO
ORD-00285,CUST-0042,2023-08-14,77.74,0.0,Home & Kitchen,Small Appliances,email,NY
ORD-00286,CUST-0042,2023-08-19,71.28,0.0,Gifts,Bundles,email,NY
ORD-00287,CUST-0042,2023-10-23,136.44,0.0,Gifts,Gift Sets,email,NY
ORD-00288,CUST-0042,2024-05-21,77.13,0.0,Home & Kitchen,Small Appliances,email,NY
ORD-00289,CUST-0043,2023-09-20,99.1,0.0,Beauty & Wellness,Bath & Body,organic_search,FL
ORD-00290,CUST-0043,2023-10-19,59.12,0.0,Beauty & Wellness,Supplements,organic_search,FL
ORD-00291,CUST-0043,2024-06-25,92.39,0.0,Beauty & Wellness,Haircare,organic_search,FL
ORD-00292,CUST-0044,2023-08-04,65.29,0.0,Home & Kitchen,Bar & Entertaining,email,CO
ORD-00293,CUST-0044,2024-02-09,67.52,17.96,Gifts,Personalized,email,CO
ORD-00294,CUST-0044,2024-06-22,80.05,0.0,Beauty & Wellness,Bath & Body,email,CO
ORD-00295,CUST-0045,2023-06-09,76.23,0.0,Gifts,Seasonal,direct,MA
ORD-00296,CUST-0045,2023-07-19,74.89,0.0,Apparel,Tops,direct,MA
ORD-00297,CUST-0045,2024-06-12,91.18,0.0,Apparel,Accessories,direct,MA
ORD-00298,CUST-0045,2024-06-14,55.39,15.88,Apparel,Tops,direct,MA
ORD-00299,CUST-0046,2023-01-29,106.37,0.0,Fitness,Apparel,paid_social,NY
ORD-00300,CUST-0046,2024-05-25,72.26,0.0,Gifts,Personalized,paid_social,NY
ORD-00301,CUST-0047,2023-06-20,116.69,0.0,Fitness,Equipment,email,WA
ORD-00302,CUST-0047,2023-07-01,84.47,0.0,Fitness,Equipment,email,WA
ORD-00303,CUST-0047,2024-06-18,126.95,0.0,Apparel,Outerwear,email,WA
ORD-00304,CUST-0048,2023-06-14,121.37,0.0,Fitness,Equipment,email,CA
ORD-00305,CUST-0048,2023-08-31,75.12,0.0,Home & Kitchen,Bar & Entertaining,email,CA
ORD-00306,CUST-0048,2023-12-22,79.65,8.75,Home & Kitchen,Cookware,email,CA
ORD-00307,CUST-0048,2024-02-06,106.42,0.0,Home & Kitchen,Small Appliances,email,CA
ORD-00308,CUST-0048,2024-05-20,102.15,0.0,Fitness,Recovery,email,CA
ORD-00309,CUST-0049,2024-05-22,102.95,0.0,Home & Kitchen,Small Appliances,email,FL
ORD-00310,CUST-0050,2023-03-17,80.76,0.0,Beauty & Wellness,Haircare,referral,MA
ORD-00311,CUST-0050,2024-06-12,81.65,0.0,Home & Kitchen,Bar & Entertaining,referral,MA
ORD-00312,CUST-0051,2023-10-26,113.68,0.0,Beauty & Wellness,Supplements,organic_search,CA
ORD-00313,CUST-0051,2024-04-23,79.31,0.0,Gifts,Gift Sets,organic_search,CA
ORD-00314,CUST-0052,2023-06-19,94.79,0.0,Apparel,Outerwear,email,WA
ORD-00315,CUST-0052,2023-11-08,44.5,0.0,Home & Kitchen,Linens,email,WA
ORD-00316,CUST-0052,2023-11-09,90.73,0.0,Apparel,Outerwear,email,WA
ORD-00317,CUST-0052,2024-03-15,97.48,0.0,Beauty & Wellness,Supplements,email,WA
ORD-00318,CUST-0052,2024-06-20,79.38,0.0,Apparel,Bottoms,email,WA
ORD-00319,CUST-0053,2023-08-13,79.36,0.0,Gifts,Personalized,organic_search,NY
ORD-00320,CUST-0053,2024-06-04,92.48,0.0,Apparel,Accessories,organic_search,NY
ORD-00321,CUST-0054,2023-02-22,107.42,0.0,Beauty & Wellness,Supplements,organic_search,CA
ORD-00322,CUST-0054,2023-09-22,77.72,0.0,Apparel,Bottoms,organic_search,CA
ORD-00323,CUST-0054,2024-02-02,99.0,0.0,Apparel,Outerwear,organic_search,CA
ORD-00324,CUST-0054,2024-05-21,108.09,0.0,Apparel,Bottoms,organic_search,CA
ORD-00325,CUST-0055,2023-02-13,83.71,0.0,Fitness,Equipment,email,CA
ORD-00326,CUST-0055,2024-05-30,83.53,0.0,Beauty & Wellness,Skincare,email,CA
ORD-00327,CUST-0056,2023-03-15,82.26,0.0,Home & Kitchen,Linens,direct,CA
ORD-00328,CUST-0056,2023-03-19,60.25,0.0,Gifts,Gift Sets,direct,CA
ORD-00329,CUST-0056,2023-09-25,97.35,0.0,Gifts,Personalized,direct,CA
ORD-00330,CUST-0056,2023-12-27,54.35,0.0,Fitness,Recovery,direct,CA
ORD-00331,CUST-0056,2024-01-08,86.52,0.0,Home & Kitchen,Linens,direct,CA
ORD-00332,CUST-0056,2024-05-21,72.66,0.0,Apparel,Tops,direct,CA
ORD-00333,CUST-0057,2023-03-22,78.78,0.0,Gifts,Bundles,organic_search,TX
ORD-00334,CUST-0057,2024-03-01,77.04,0.0,Apparel,Outerwear,organic_search,TX
ORD-00335,CUST-0057,2024-03-22,111.72,0.0,Beauty & Wellness,Skincare,organic_search,TX
ORD-00336,CUST-0057,2024-04-02,90.26,0.0,Home & Kitchen,Linens,organic_search,TX
ORD-00337,CUST-0057,2024-06-04,87.48,0.0,Gifts,Bundles,organic_search,TX
ORD-00338,CUST-0058,2023-05-24,106.0,0.0,Fitness,Nutrition,organic_search,CA
ORD-00339,CUST-0058,2023-06-06,112.08,0.0,Apparel,Outerwear,organic_search,CA
ORD-00340,CUST-0058,2023-07-13,108.5,0.0,Home & Kitchen,Bar & Entertaining,organic_search,CA
ORD-00341,CUST-0058,2023-10-21,101.39,0.0,Beauty & Wellness,Bath & Body,organic_search,CA
ORD-00342,CUST-0058,2024-02-18,83.53,16.8,Home & Kitchen,Linens,organic_search,CA
ORD-00343,CUST-0058,2024-05-21,83.82,0.0,Apparel,Tops,organic_search,CA
ORD-00344,CUST-0058,2024-06-21,83.18,0.0,Fitness,Recovery,organic_search,CA
ORD-00345,CUST-0059,2023-01-09,65.6,0.0,Apparel,Accessories,email,CA
ORD-00346,CUST-0059,2023-02-24,151.32,0.0,Apparel,Bottoms,email,CA
ORD-00347,CUST-0059,2023-03-15,134.49,0.0,Apparel,Outerwear,email,CA
ORD-00348,CUST-0059,2023-04-09,103.04,0.0,Apparel,Tops,email,CA
ORD-00349,CUST-0059,2023-06-01,65.01,0.0,Gifts,Bundles,email,CA
ORD-00350,CUST-0059,2024-02-09,120.0,0.0,Apparel,Bottoms,email,CA
ORD-00351,CUST-0060,2023-06-03,60.2,0.0,Home & Kitchen,Linens,direct,NY
ORD-00352,CUST-0060,2023-10-05,110.14,0.0,Fitness,Recovery,direct,NY
ORD-00353,CUST-0060,2024-06-02,57.12,0.0,Home & Kitchen,Bar & Entertaining,direct,NY
ORD-00354,CUST-0061,2023-01-03,133.87,0.0,Fitness,Recovery,email,TX
ORD-00355,CUST-0061,2023-06-29,94.21,0.0,Beauty & Wellness,Bath & Body,email,TX
ORD-00356,CUST-0061,2023-12-06,99.13,0.0,Apparel,Accessories,email,TX
ORD-00357,CUST-0061,2024-03-20,89.68,0.0,Home & Kitchen,Bar & Entertaining,email,TX
ORD-00358,CUST-0061,2024-05-31,64.09,10.99,Apparel,Tops,email,TX
ORD-00359,CUST-0062,2023-12-23,103.84,0.0,Home & Kitchen,Bar & Entertaining,organic_search,CA
ORD-00360,CUST-0062,2023-12-24,82.08,0.0,Fitness,Nutrition,organic_search,CA
ORD-00361,CUST-0062,2024-05-26,106.71,0.0,Home & Kitchen,Bar & Entertaining,organic_search,CA
ORD-00362,CUST-0062,2024-06-23,113.6,0.0,Home & Kitchen,Cookware,organic_search,CA
ORD-00363,CUST-0063,2023-04-30,92.32,25.63,Gifts,Seasonal,organic_search,WA
ORD-00364,CUST-0063,2024-01-13,72.4,0.0,Gifts,Gift Sets,organic_search,WA
ORD-00365,CUST-0063,2024-05-28,76.7,0.0,Fitness,Equipment,organic_search,WA
ORD-00366,CUST-0063,2024-06-29,109.34,0.0,Fitness,Recovery,organic_search,WA
ORD-00367,CUST-0064,2023-07-13,91.5,0.0,Apparel,Accessories,email,MA
ORD-00368,CUST-0064,2023-12-14,118.7,15.16,Apparel,Tops,email,MA
ORD-00369,CUST-0064,2024-04-26,129.96,0.0,Fitness,Apparel,email,MA
ORD-00370,CUST-0065,2023-05-07,71.23,0.0,Apparel,Tops,direct,NY
ORD-00371,CUST-0065,2024-02-19,47.22,0.0,Apparel,Bottoms,direct,NY
ORD-00372,CUST-0065,2024-06-26,121.87,0.0,Apparel,Accessories,direct,NY
ORD-00373,CUST-0066,2023-02-01,82.7,11.23,Beauty & Wellness,Bath & Body,referral,FL
ORD-00374,CUST-0066,2024-05-21,77.32,0.0,Beauty & Wellness,Bath & Body,referral,FL
ORD-00375,CUST-0067,2023-11-21,105.82,0.0,Fitness,Equipment,organic_search,TX
ORD-00376,CUST-0067,2024-06-18,81.42,0.0,Beauty & Wellness,Supplements,organic_search,TX
ORD-00377,CUST-0068,2023-02-26,110.8,0.0,Gifts,Gift Sets,organic_search,WA
ORD-00378,CUST-0068,2024-02-09,88.09,0.0,Apparel,Outerwear,organic_search,WA
ORD-00379,CUST-0068,2024-02-13,97.42,0.0,Apparel,Outerwear,organic_search,WA
ORD-00380,CUST-0068,2024-06-22,121.67,26.77,Apparel,Outerwear,organic_search,WA
ORD-00381,CUST-0069,2024-06-20,74.89,0.0,Apparel,Bottoms,organic_search,NY
ORD-00382,CUST-0070,2023-03-28,74.43,0.0,Fitness,Apparel,email,OH
ORD-00383,CUST-0070,2023-05-26,91.34,0.0,Fitness,Equipment,email,OH
ORD-00384,CUST-0070,2024-03-21,66.82,0.0,Fitness,Nutrition,email,OH
ORD-00385,CUST-0070,2024-06-12,81.34,0.0,Gifts,Gift Sets,email,OH
ORD-00386,CUST-0071,2023-02-17,70.95,0.0,Beauty & Wellness,Skincare,paid_social,CA
ORD-00387,CUST-0071,2024-03-04,81.69,12.86,Home & Kitchen,Small Appliances,paid_social,CA
ORD-00388,CUST-0071,2024-04-13,79.62,0.0,Fitness,Nutrition,paid_social,CA
ORD-00389,CUST-0071,2024-05-11,149.31,0.0,Beauty & Wellness,Skincare,paid_social,CA
ORD-00390,CUST-0071,2024-05-18,87.46,0.0,Apparel,Outerwear,paid_social,CA
ORD-00391,CUST-0072,2023-03-17,96.3,11.37,Home & Kitchen,Bar & Entertaining,email,CA
ORD-00392,CUST-0072,2023-12-29,102.64,0.0,Home & Kitchen,Bar & Entertaining,email,CA
ORD-00393,CUST-0072,2024-05-25,61.84,0.0,Home & Kitchen,Linens,email,CA
ORD-00394,CUST-0073,2023-04-07,98.5,0.0,Home & Kitchen,Linens,organic_search,IL
ORD-00395,CUST-0073,2023-06-17,85.61,0.0,Apparel,Accessories,organic_search,IL
ORD-00396,CUST-0073,2023-12-18,129.07,0.0,Gifts,Seasonal,organic_search,IL
ORD-00397,CUST-0073,2024-06-07,99.48,0.0,Beauty & Wellness,Bath & Body,organic_search,IL
ORD-00398,CUST-0073,2024-06-17,86.05,0.0,Fitness,Equipment,organic_search,IL
ORD-00399,CUST-0074,2023-01-02,94.34,0.0,Apparel,Accessories,organic_search,WA
ORD-00400,CUST-0074,2024-06-12,69.55,0.0,Apparel,Accessories,organic_search,WA
ORD-00401,CUST-0075,2023-04-25,95.08,0.0,Home & Kitchen,Linens,email,NY
ORD-00402,CUST-0075,2023-05-18,75.85,0.0,Home & Kitchen,Linens,email,NY
ORD-00403,CUST-0075,2023-07-31,76.57,0.0,Fitness,Recovery,email,NY
ORD-00404,CUST-0075,2023-12-25,116.51,0.0,Home & Kitchen,Small Appliances,email,NY
ORD-00405,CUST-0075,2024-02-17,126.36,0.0,Home & Kitchen,Cookware,email,NY
ORD-00406,CUST-0075,2024-06-18,124.35,0.0,Home & Kitchen,Small Appliances,email,NY
ORD-00407,CUST-0076,2023-03-31,83.27,0.0,Apparel,Outerwear,referral,NY
ORD-00408,CUST-0076,2024-06-17,70.32,0.0,Beauty & Wellness,Skincare,referral,NY
ORD-00409,CUST-0077,2023-01-22,109.5,0.0,Home & Kitchen,Linens,organic_search,NY
ORD-00410,CUST-0077,2023-02-12,66.65,0.0,Home & Kitchen,Linens,organic_search,NY
ORD-00411,CUST-0077,2023-03-01,72.62,0.0,Home & Kitchen,Linens,organic_search,NY
ORD-00412,CUST-0077,2023-04-06,90.23,0.0,Home & Kitchen,Cookware,organic_search,NY
ORD-00413,CUST-0077,2023-04-25,94.11,0.0,Apparel,Outerwear,organic_search,NY
ORD-00414,CUST-0077,2023-06-30,91.46,22.58,Fitness,Equipment,organic_search,NY
ORD-00415,CUST-0077,2023-07-18,75.08,15.35,Home & Kitchen,Bar & Entertaining,organic_search,NY
ORD-00416,CUST-0077,2023-10-24,86.99,20.11,Home & Kitchen,Small Appliances,organic_search,NY
ORD-00417,CUST-0077,2023-10-28,92.88,0.0,Beauty & Wellness,Haircare,organic_search,NY
ORD-00418,CUST-0077,2024-05-10,64.88,10.72,Beauty & Wellness,Supplements,organic_search,NY
ORD-00419,CUST-0077,2024-05-24,90.75,0.0,Home & Kitchen,Linens,organic_search,NY
ORD-00420,CUST-0078,2023-01-26,57.65,0.0,Home & Kitchen,Small Appliances,email,CA
ORD-00421,CUST-0078,2023-05-06,115.48,0.0,Beauty & Wellness,Bath & Body,email,CA
ORD-00422,CUST-0078,2023-05-09,82.05,0.0,Home & Kitchen,Cookware,email,CA
ORD-00423,CUST-0078,2024-03-14,104.07,21.89,Home & Kitchen,Small Appliances,email,CA
ORD-00424,CUST-0078,2024-06-30,44.42,0.0,Home & Kitchen,Cookware,email,CA
ORD-00425,CUST-0079,2023-09-20,138.17,0.0,Beauty & Wellness,Supplements,organic_search,NY
ORD-00426,CUST-0079,2023-11-17,101.27,0.0,Beauty & Wellness,Supplements,organic_search,NY
ORD-00427,CUST-0079,2024-02-04,112.81,33.12,Beauty & Wellness,Bath & Body,organic_search,NY
ORD-00428,CUST-0079,2024-06-19,77.88,18.5,Gifts,Seasonal,organic_search,NY
ORD-00429,CUST-0080,2023-02-27,79.5,0.0,Home & Kitchen,Bar & Entertaining,paid_social,TX
ORD-00430,CUST-0080,2023-05-16,84.29,0.0,Home & Kitchen,Bar & Entertaining,paid_social,TX
ORD-00431,CUST-0080,2023-05-22,103.67,0.0,Home & Kitchen,Bar & Entertaining,paid_social,TX
ORD-00432,CUST-0080,2023-07-26,90.22,0.0,Home & Kitchen,Linens,paid_social,TX
ORD-00433,CUST-0080,2023-11-15,101.96,0.0,Home & Kitchen,Small Appliances,paid_social,TX
ORD-00434,CUST-0080,2024-05-29,66.42,0.0,Home & Kitchen,Small Appliances,paid_social,TX
ORD-00435,CUST-0081,2024-01-02,38.84,0.0,Home & Kitchen,Linens,organic_search,NY
ORD-00436,CUST-0081,2024-02-01,72.78,0.0,Fitness,Recovery,organic_search,NY
ORD-00437,CUST-0081,2024-03-18,83.76,0.0,Fitness,Apparel,organic_search,NY
ORD-00438,CUST-0081,2024-06-26,94.78,0.0,Home & Kitchen,Linens,organic_search,NY
ORD-00439,CUST-0082,2023-10-05,74.54,0.0,Apparel,Accessories,paid_social,OH
ORD-00440,CUST-0082,2024-04-07,92.01,0.0,Fitness,Equipment,paid_social,OH
ORD-00441,CUST-0082,2024-05-11,50.93,0.0,Fitness,Nutrition,paid_social,OH
ORD-00442,CUST-0082,2024-06-12,79.79,0.0,Apparel,Bottoms,paid_social,OH
ORD-00443,CUST-0083,2023-01-04,84.39,13.45,Beauty & Wellness,Skincare,email,FL
ORD-00444,CUST-0083,2023-03-21,91.52,0.0,Beauty & Wellness,Haircare,email,FL
ORD-00445,CUST-0083,2023-05-06,153.51,0.0,Beauty & Wellness,Supplements,email,FL
ORD-00446,CUST-0083,2023-06-19,106.17,0.0,Apparel,Tops,email,FL
ORD-00447,CUST-0083,2024-03-12,89.76,0.0,Beauty & Wellness,Supplements,email,FL
ORD-00448,CUST-0083,2024-05-22,69.54,0.0,Home & Kitchen,Small Appliances,email,FL
ORD-00449,CUST-0084,2023-07-02,92.19,14.51,Fitness,Apparel,paid_social,GA
ORD-00450,CUST-0084,2024-06-06,77.39,0.0,Fitness,Nutrition,paid_social,GA
ORD-00451,CUST-0085,2023-04-25,46.29,0.0,Apparel,Tops,paid_social,CO
ORD-00452,CUST-0086,2023-06-28,94.92,0.0,Home & Kitchen,Bar & Entertaining,direct,GA
ORD-00453,CUST-0087,2023-01-04,94.83,22.15,Home & Kitchen,Linens,organic_search,NY
ORD-00454,CUST-0087,2023-03-19,157.41,0.0,Home & Kitchen,Cookware,organic_search,NY
ORD-00455,CUST-0087,2023-10-20,76.2,0.0,Home & Kitchen,Cookware,organic_search,NY
ORD-00456,CUST-0088,2023-09-16,85.05,0.0,Apparel,Outerwear,referral,MA
ORD-00457,CUST-0088,2024-01-28,94.48,0.0,Beauty & Wellness,Haircare,referral,MA
ORD-00458,CUST-0089,2023-02-03,92.3,13.88,Beauty & Wellness,Supplements,organic_search,NY
ORD-00459,CUST-0090,2023-06-12,82.12,0.0,Gifts,Gift Sets,organic_search,FL
ORD-00460,CUST-0091,2023-03-01,79.44,8.71,Beauty & Wellness,Supplements,direct,NY
ORD-00461,CUST-0092,2023-07-30,58.69,0.0,Fitness,Apparel,direct,NY
ORD-00462,CUST-0092,2024-06-26,80.17,0.0,Gifts,Personalized,direct,NY
ORD-00463,CUST-0093,2023-01-12,74.8,0.0,Home & Kitchen,Linens,email,CA
ORD-00464,CUST-0093,2024-05-14,80.07,0.0,Apparel,Tops,email,CA
ORD-00465,CUST-0094,2023-04-28,101.25,0.0,Fitness,Apparel,paid_social,NY
ORD-00466,CUST-0094,2024-05-29,57.93,0.0,Gifts,Personalized,paid_social,NY
ORD-00467,CUST-0095,2023-06-21,61.4,0.0,Apparel,Tops,organic_search,IL
ORD-00468,CUST-0096,2023-07-06,68.87,0.0,Fitness,Recovery,paid_social,CA
ORD-00469,CUST-0097,2023-04-16,89.72,11.02,Fitness,Nutrition,referral,FL
ORD-00470,CUST-0097,2023-05-05,90.45,0.0,Fitness,Apparel,referral,FL
ORD-00471,CUST-0097,2024-02-05,75.21,0.0,Beauty & Wellness,Supplements,referral,FL
ORD-00472,CUST-0098,2023-04-25,81.66,0.0,Fitness,Nutrition,email,OH
ORD-00473,CUST-0098,2023-08-17,105.51,0.0,Home & Kitchen,Bar & Entertaining,email,OH
ORD-00474,CUST-0098,2024-02-10,92.14,0.0,Home & Kitchen,Small Appliances,email,OH
ORD-00475,CUST-0098,2024-03-19,99.19,0.0,Apparel,Bottoms,email,OH
ORD-00476,CUST-0098,2024-05-30,77.39,0.0,Home & Kitchen,Linens,email,OH
ORD-00477,CUST-0099,2024-04-12,82.18,0.0,Home & Kitchen,Small Appliances,referral,CA
ORD-00478,CUST-0099,2024-06-14,126.52,0.0,Home & Kitchen,Small Appliances,referral,CA
ORD-00479,CUST-0100,2024-01-15,98.31,20.44,Beauty & Wellness,Bath & Body,referral,OH
ORD-00480,CUST-0100,2024-06-17,81.77,0.0,Beauty & Wellness,Haircare,referral,OH
ORD-00481,CUST-0101,2023-01-12,56.86,0.0,Fitness,Apparel,organic_search,NY
ORD-00482,CUST-0101,2023-09-07,88.45,24.46,Fitness,Nutrition,organic_search,NY
ORD-00483,CUST-0102,2023-03-21,66.81,0.0,Home & Kitchen,Cookware,paid_social,CO
ORD-00484,CUST-0102,2023-09-03,77.75,0.0,Beauty & Wellness,Bath & Body,paid_social,CO
ORD-00485,CUST-0103,2024-03-12,75.38,0.0,Fitness,Nutrition,organic_search,FL
ORD-00486,CUST-0104,2023-01-29,80.17,0.0,Home & Kitchen,Linens,email,IL
ORD-00487,CUST-0104,2023-05-07,85.32,0.0,Gifts,Personalized,email,IL
ORD-00488,CUST-0104,2023-05-31,108.93,0.0,Home & Kitchen,Linens,email,IL
ORD-00489,CUST-0104,2023-08-24,76.72,0.0,Home & Kitchen,Small Appliances,email,IL
ORD-00490,CUST-0104,2024-04-28,85.12,0.0,Home & Kitchen,Bar & Entertaining,email,IL
ORD-00491,CUST-0105,2023-04-01,97.02,0.0,Gifts,Bundles,organic_search,CA
ORD-00492,CUST-0105,2023-08-15,24.08,0.0,Apparel,Bottoms,organic_search,CA
ORD-00493,CUST-0105,2023-11-04,60.46,14.56,Apparel,Bottoms,organic_search,CA
ORD-00494,CUST-0105,2024-05-30,99.83,0.0,Fitness,Recovery,organic_search,CA
ORD-00495,CUST-0105,2024-06-01,61.84,0.0,Beauty & Wellness,Bath & Body,organic_search,CA
ORD-00496,CUST-0106,2024-05-03,90.1,0.0,Beauty & Wellness,Supplements,paid_social,CA
ORD-00497,CUST-0107,2024-03-22,70.08,0.0,Home & Kitchen,Linens,paid_social,WA
ORD-00498,CUST-0107,2024-05-17,84.76,0.0,Apparel,Bottoms,paid_social,WA
ORD-00499,CUST-0108,2023-07-27,86.45,0.0,Home & Kitchen,Small Appliances,organic_search,OH
ORD-00500,CUST-0109,2023-10-19,90.93,0.0,Home & Kitchen,Linens,referral,CA
ORD-00501,CUST-0110,2023-01-01,106.78,0.0,Beauty & Wellness,Supplements,organic_search,IL
ORD-00502,CUST-0110,2023-03-23,107.28,0.0,Home & Kitchen,Cookware,organic_search,IL
ORD-00503,CUST-0110,2023-09-17,93.22,18.94,Gifts,Gift Sets,organic_search,IL
ORD-00504,CUST-0111,2023-09-12,54.67,0.0,Apparel,Accessories,paid_social,OH
ORD-00505,CUST-0111,2024-06-17,77.69,0.0,Fitness,Recovery,paid_social,OH
ORD-00506,CUST-0112,2024-03-17,81.54,0.0,Beauty & Wellness,Haircare,referral,FL
ORD-00507,CUST-0112,2024-04-22,59.09,0.0,Beauty & Wellness,Haircare,referral,FL
ORD-00508,CUST-0113,2024-01-31,85.88,14.33,Home & Kitchen,Bar & Entertaining,paid_social,OH
ORD-00509,CUST-0114,2023-05-10,67.15,0.0,Home & Kitchen,Small Appliances,paid_social,TX
ORD-00510,CUST-0114,2023-05-29,92.78,14.85,Home & Kitchen,Cookware,paid_social,TX
ORD-00511,CUST-0114,2023-11-20,66.46,0.0,Fitness,Nutrition,paid_social,TX
ORD-00512,CUST-0114,2024-02-01,70.69,0.0,Home & Kitchen,Small Appliances,paid_social,TX
ORD-00513,CUST-0114,2024-02-23,105.66,0.0,Home & Kitchen,Linens,paid_social,TX
ORD-00514,CUST-0115,2023-12-11,73.85,0.0,Beauty & Wellness,Skincare,organic_search,WA
ORD-00515,CUST-0116,2023-02-02,66.26,0.0,Home & Kitchen,Bar & Entertaining,email,FL
ORD-00516,CUST-0117,2023-10-11,88.73,0.0,Gifts,Personalized,paid_social,CA
ORD-00517,CUST-0118,2023-06-16,89.96,0.0,Apparel,Tops,direct,TX
ORD-00518,CUST-0118,2023-07-28,98.91,0.0,Beauty & Wellness,Supplements,direct,TX
ORD-00519,CUST-0119,2023-01-02,75.09,0.0,Fitness,Apparel,organic_search,FL
ORD-00520,CUST-0119,2023-01-03,87.93,0.0,Fitness,Recovery,organic_search,FL
ORD-00521,CUST-0119,2023-07-27,94.49,0.0,Beauty & Wellness,Bath & Body,organic_search,FL
ORD-00522,CUST-0119,2023-07-28,87.5,0.0,Fitness,Recovery,organic_search,FL
ORD-00523,CUST-0120,2023-05-11,94.51,0.0,Fitness,Nutrition,organic_search,OH
ORD-00524,CUST-0120,2023-07-28,59.69,0.0,Beauty & Wellness,Skincare,organic_search,OH
ORD-00525,CUST-0120,2024-04-02,64.41,0.0,Fitness,Equipment,organic_search,OH
ORD-00526,CUST-0121,2023-09-05,64.15,0.0,Apparel,Bottoms,organic_search,WA
ORD-00527,CUST-0122,2023-01-18,78.15,0.0,Apparel,Accessories,organic_search,CA
ORD-00528,CUST-0122,2023-05-13,66.63,12.51,Gifts,Gift Sets,organic_search,CA
ORD-00529,CUST-0123,2023-02-13,75.21,15.62,Beauty & Wellness,Bath & Body,email,NY
ORD-00530,CUST-0123,2023-06-10,93.44,0.0,Home & Kitchen,Linens,email,NY
ORD-00531,CUST-0123,2023-07-09,35.83,0.0,Beauty & Wellness,Supplements,email,NY
ORD-00532,CUST-0124,2023-08-30,72.18,0.0,Beauty & Wellness,Skincare,organic_search,CA
ORD-00533,CUST-0124,2024-03-10,69.41,14.09,Beauty & Wellness,Skincare,organic_search,CA
ORD-00534,CUST-0124,2024-04-16,62.93,0.0,Home & Kitchen,Small Appliances,organic_search,CA
ORD-00535,CUST-0125,2023-03-30,100.73,0.0,Gifts,Personalized,email,FL
ORD-00536,CUST-0125,2023-10-13,69.71,18.55,Beauty & Wellness,Bath & Body,email,FL
ORD-00537,CUST-0126,2023-01-26,104.62,0.0,Home & Kitchen,Bar & Entertaining,email,MA
ORD-00538,CUST-0126,2023-07-11,84.94,0.0,Gifts,Seasonal,email,MA
ORD-00539,CUST-0126,2023-10-18,75.23,0.0,Beauty & Wellness,Skincare,email,MA
ORD-00540,CUST-0126,2023-12-08,29.34,0.0,Beauty & Wellness,Haircare,email,MA
ORD-00541,CUST-0127,2023-03-11,88.19,0.0,Gifts,Gift Sets,paid_social,TX
ORD-00542,CUST-0127,2023-08-17,78.34,15.82,Apparel,Tops,paid_social,TX
ORD-00543,CUST-0127,2024-03-31,100.41,25.05,Beauty & Wellness,Supplements,paid_social,TX
ORD-00544,CUST-0128,2023-12-25,86.42,11.16,Home & Kitchen,Small Appliances,paid_social,OH
ORD-00545,CUST-0129,2023-02-28,74.95,0.0,Home & Kitchen,Linens,paid_social,WA
ORD-00546,CUST-0129,2023-10-21,82.97,0.0,Home & Kitchen,Cookware,paid_social,WA
ORD-00547,CUST-0130,2023-07-08,78.93,0.0,Apparel,Tops,referral,GA
ORD-00548,CUST-0130,2024-04-22,73.6,0.0,Beauty & Wellness,Haircare,referral,GA
ORD-00549,CUST-0131,2023-06-14,118.67,0.0,Fitness,Recovery,referral,MA
ORD-00550,CUST-0131,2023-12-06,86.72,0.0,Fitness,Equipment,referral,MA
ORD-00551,CUST-0132,2023-03-19,67.38,0.0,Gifts,Personalized,organic_search,WA
ORD-00552,CUST-0133,2023-10-18,106.92,0.0,Beauty & Wellness,Bath & Body,paid_social,CA
ORD-00553,CUST-0134,2023-03-26,57.84,0.0,Home & Kitchen,Small Appliances,paid_social,WA
ORD-00554,CUST-0135,2023-01-15,76.03,0.0,Home & Kitchen,Bar & Entertaining,referral,WA
ORD-00555,CUST-0135,2023-07-18,51.68,0.0,Home & Kitchen,Bar & Entertaining,referral,WA
ORD-00556,CUST-0135,2023-09-10,100.61,0.0,Home & Kitchen,Small Appliances,referral,WA
ORD-00557,CUST-0135,2024-02-17,121.76,0.0,Home & Kitchen,Bar & Entertaining,referral,WA
ORD-00558,CUST-0136,2023-11-08,90.95,0.0,Home & Kitchen,Bar & Entertaining,direct,FL
ORD-00559,CUST-0137,2023-02-23,66.21,0.0,Beauty & Wellness,Supplements,paid_social,WA
ORD-00560,CUST-0137,2024-01-03,92.65,0.0,Beauty & Wellness,Haircare,paid_social,WA
ORD-00561,CUST-0138,2023-11-23,46.74,6.96,Apparel,Outerwear,paid_social,CA
ORD-00562,CUST-0138,2024-02-27,76.58,0.0,Gifts,Bundles,paid_social,CA
ORD-00563,CUST-0139,2023-01-13,56.92,0.0,Apparel,Accessories,paid_social,FL
ORD-00564,CUST-0139,2023-01-19,101.92,0.0,Apparel,Tops,paid_social,FL
ORD-00565,CUST-0139,2023-09-16,101.39,0.0,Home & Kitchen,Bar & Entertaining,paid_social,FL
ORD-00566,CUST-0139,2023-11-14,102.04,0.0,Apparel,Tops,paid_social,FL
ORD-00567,CUST-0140,2023-10-20,56.86,0.0,Fitness,Apparel,paid_social,WA
ORD-00568,CUST-0140,2024-01-06,109.5,0.0,Home & Kitchen,Cookware,paid_social,WA
ORD-00569,CUST-0140,2024-02-16,101.11,21.93,Home & Kitchen,Cookware,paid_social,WA
ORD-00570,CUST-0140,2024-04-16,57.07,12.97,Home & Kitchen,Bar & Entertaining,paid_social,WA
ORD-00571,CUST-0141,2023-07-23,93.44,0.0,Gifts,Gift Sets,paid_social,FL
ORD-00572,CUST-0141,2024-03-19,87.06,0.0,Apparel,Bottoms,paid_social,FL
ORD-00573,CUST-0142,2024-06-29,81.83,0.0,Home & Kitchen,Small Appliances,email,FL
ORD-00574,CUST-0143,2023-06-05,93.14,0.0,Home & Kitchen,Linens,paid_social,CO
ORD-00575,CUST-0143,2023-07-24,92.55,0.0,Gifts,Seasonal,paid_social,CO
ORD-00576,CUST-0143,2024-06-23,78.51,10.22,Gifts,Gift Sets,paid_social,CO
ORD-00577,CUST-0144,2024-05-23,78.62,0.0,Fitness,Equipment,direct,MA
ORD-00578,CUST-0145,2023-05-01,70.6,0.0,Gifts,Gift Sets,organic_search,MA
ORD-00579,CUST-0146,2023-01-12,58.51,15.83,Apparel,Outerwear,organic_search,IL
ORD-00580,CUST-0146,2023-03-22,78.49,0.0,Beauty & Wellness,Supplements,organic_search,IL
ORD-00581,CUST-0146,2023-09-28,90.13,0.0,Beauty & Wellness,Supplements,organic_search,IL
ORD-00582,CUST-0146,2024-02-06,65.37,0.0,Beauty & Wellness,Supplements,organic_search,IL
ORD-00583,CUST-0147,2023-03-27,51.82,8.5,Fitness,Apparel,paid_social,TX
ORD-00584,CUST-0147,2023-08-20,79.42,12.04,Fitness,Equipment,paid_social,TX
ORD-00585,CUST-0147,2023-08-30,53.53,6.49,Fitness,Apparel,paid_social,TX
ORD-00586,CUST-0147,2023-11-09,51.53,15.11,Home & Kitchen,Bar & Entertaining,paid_social,TX
ORD-00587,CUST-0147,2024-01-27,29.32,3.62,Gifts,Bundles,paid_social,TX
ORD-00588,CUST-0148,2023-05-08,71.02,0.0,Fitness,Nutrition,direct,FL
ORD-00589,CUST-0148,2023-11-08,63.43,0.0,Fitness,Recovery,direct,FL
ORD-00590,CUST-0148,2023-12-24,66.74,14.25,Apparel,Accessories,direct,FL
ORD-00591,CUST-0148,2024-01-20,80.65,14.25,Gifts,Seasonal,direct,FL
ORD-00592,CUST-0149,2024-03-25,52.85,0.0,Apparel,Outerwear,paid_social,WA
ORD-00593,CUST-0150,2023-02-09,82.02,11.67,Home & Kitchen,Bar & Entertaining,referral,OH
ORD-00594,CUST-0150,2023-06-07,43.91,10.95,Beauty & Wellness,Skincare,referral,OH
ORD-00595,CUST-0150,2023-09-12,42.82,7.37,Beauty & Wellness,Bath & Body,referral,OH
ORD-00596,CUST-0150,2023-10-06,80.89,18.72,Beauty & Wellness,Haircare,referral,OH
ORD-00597,CUST-0150,2024-01-14,58.32,15.56,Gifts,Bundles,referral,OH
ORD-00598,CUST-0151,2023-03-20,57.93,11.95,Gifts,Bundles,paid_social,WA
ORD-00599,CUST-0151,2023-04-15,62.19,17.03,Fitness,Apparel,paid_social,WA
ORD-00600,CUST-0151,2023-09-25,64.13,11.03,Fitness,Nutrition,paid_social,WA
ORD-00601,CUST-0151,2023-11-08,62.31,7.14,Home & Kitchen,Linens,paid_social,WA
ORD-00602,CUST-0151,2023-11-26,86.26,0.0,Fitness,Equipment,paid_social,WA
ORD-00603,CUST-0152,2023-09-13,68.74,16.54,Home & Kitchen,Bar & Entertaining,paid_social,TX
ORD-00604,CUST-0152,2023-10-30,66.06,8.62,Home & Kitchen,Linens,paid_social,TX
ORD-00605,CUST-0152,2024-01-09,80.5,15.95,Beauty & Wellness,Skincare,paid_social,TX
ORD-00606,CUST-0153,2023-01-17,63.91,13.12,Beauty & Wellness,Skincare,paid_social,CA
ORD-00607,CUST-0153,2023-09-06,43.49,0.0,Apparel,Tops,paid_social,CA
ORD-00608,CUST-0153,2024-04-22,57.32,8.28,Gifts,Gift Sets,paid_social,CA
ORD-00609,CUST-0154,2023-07-30,53.23,13.08,Apparel,Accessories,paid_social,TX
ORD-00610,CUST-0154,2023-08-23,77.42,22.64,Apparel,Bottoms,paid_social,TX
ORD-00611,CUST-0154,2023-08-26,82.61,14.56,Beauty & Wellness,Skincare,paid_social,TX
ORD-00612,CUST-0154,2023-11-18,48.53,14.34,Beauty & Wellness,Supplements,paid_social,TX
ORD-00613,CUST-0155,2023-10-17,56.16,10.88,Apparel,Tops,paid_social,CA
ORD-00614,CUST-0156,2023-06-05,44.58,0.0,Beauty & Wellness,Supplements,paid_social,CA
ORD-00615,CUST-0156,2023-06-07,64.46,0.0,Beauty & Wellness,Bath & Body,paid_social,CA
ORD-00616,CUST-0156,2023-09-10,34.61,6.74,Beauty & Wellness,Haircare,paid_social,CA
ORD-00617,CUST-0156,2023-09-25,68.83,8.26,Apparel,Outerwear,paid_social,CA
ORD-00618,CUST-0156,2024-03-30,50.5,9.92,Beauty & Wellness,Haircare,paid_social,CA
ORD-00619,CUST-0156,2024-04-21,58.72,16.75,Fitness,Recovery,paid_social,CA
ORD-00620,CUST-0157,2023-09-08,64.37,9.8,Apparel,Tops,paid_social,CA
ORD-00621,CUST-0158,2023-07-27,71.12,0.0,Apparel,Accessories,referral,FL
ORD-00622,CUST-0158,2023-09-09,81.09,16.9,Gifts,Bundles,referral,FL
ORD-00623,CUST-0158,2023-11-02,60.57,6.42,Apparel,Outerwear,referral,FL
ORD-00624,CUST-0159,2023-01-31,53.46,12.94,Apparel,Tops,paid_social,CO
ORD-00625,CUST-0159,2023-10-10,85.3,24.81,Apparel,Accessories,paid_social,CO
ORD-00626,CUST-0159,2023-11-18,61.85,8.27,Fitness,Equipment,paid_social,CO
ORD-00627,CUST-0160,2023-02-11,79.14,13.95,Beauty & Wellness,Bath & Body,paid_social,OH
ORD-00628,CUST-0161,2023-02-16,62.56,7.97,Apparel,Bottoms,paid_social,MA
ORD-00629,CUST-0161,2023-03-10,69.26,13.19,Apparel,Accessories,paid_social,MA
ORD-00630,CUST-0161,2023-03-30,47.46,8.64,Apparel,Accessories,paid_social,MA
ORD-00631,CUST-0161,2023-09-21,66.87,8.63,Apparel,Outerwear,paid_social,MA
ORD-00632,CUST-0161,2023-10-28,37.1,0.0,Apparel,Accessories,paid_social,MA
ORD-00633,CUST-0161,2024-04-11,50.09,6.73,Apparel,Bottoms,paid_social,MA
ORD-00634,CUST-0162,2023-03-23,35.29,7.96,Apparel,Accessories,paid_social,CA
ORD-00635,CUST-0162,2023-06-01,70.59,8.33,Apparel,Accessories,paid_social,CA
ORD-00636,CUST-0162,2023-12-12,60.6,11.37,Apparel,Accessories,paid_social,CA
ORD-00637,CUST-0163,2023-04-10,59.06,14.03,Apparel,Accessories,paid_social,TX
ORD-00638,CUST-0163,2023-05-02,71.69,8.03,Apparel,Tops,paid_social,TX
ORD-00639,CUST-0163,2023-07-19,46.55,13.47,Apparel,Bottoms,paid_social,TX
ORD-00640,CUST-0163,2023-11-09,59.55,12.61,Beauty & Wellness,Bath & Body,paid_social,TX
ORD-00641,CUST-0164,2023-07-07,73.72,8.78,Home & Kitchen,Small Appliances,referral,CA
ORD-00642,CUST-0164,2023-10-25,76.78,9.35,Gifts,Gift Sets,referral,CA
ORD-00643,CUST-0164,2024-01-08,74.28,19.93,Apparel,Tops,referral,CA
ORD-00644,CUST-0165,2023-02-20,97.08,0.0,Beauty & Wellness,Bath & Body,paid_social,TX
ORD-00645,CUST-0165,2023-07-13,40.56,4.28,Beauty & Wellness,Supplements,paid_social,TX
ORD-00646,CUST-0166,2023-01-31,58.03,11.93,Home & Kitchen,Small Appliances,paid_social,WA
ORD-00647,CUST-0166,2023-08-01,57.65,13.83,Home & Kitchen,Linens,paid_social,WA
ORD-00648,CUST-0166,2023-09-27,71.95,0.0,Home & Kitchen,Cookware,paid_social,WA
ORD-00649,CUST-0166,2023-12-10,60.31,8.83,Home & Kitchen,Linens,paid_social,WA
ORD-00650,CUST-0166,2024-01-04,59.23,10.69,Home & Kitchen,Linens,paid_social,WA
ORD-00651,CUST-0166,2024-02-12,86.76,0.0,Home & Kitchen,Cookware,paid_social,WA
ORD-00652,CUST-0166,2024-03-26,60.06,6.82,Apparel,Accessories,paid_social,WA
ORD-00653,CUST-0167,2023-06-26,55.5,0.0,Fitness,Apparel,paid_social,NY
ORD-00654,CUST-0167,2023-10-01,72.39,10.71,Fitness,Recovery,paid_social,NY
ORD-00655,CUST-0167,2023-11-29,65.85,19.23,Fitness,Apparel,paid_social,NY
ORD-00656,CUST-0167,2024-02-08,51.63,9.25,Beauty & Wellness,Supplements,paid_social,NY
ORD-00657,CUST-0168,2023-01-25,53.31,5.74,Home & Kitchen,Linens,paid_social,GA
ORD-00658,CUST-0168,2024-02-05,43.88,0.0,Beauty & Wellness,Supplements,paid_social,GA
ORD-00659,CUST-0168,2024-03-13,47.41,0.0,Beauty & Wellness,Supplements,paid_social,GA
ORD-00660,CUST-0169,2023-05-28,59.47,12.26,Fitness,Nutrition,paid_social,CA
ORD-00661,CUST-0169,2023-09-26,64.41,7.8,Apparel,Accessories,paid_social,CA
ORD-00662,CUST-0169,2024-01-28,68.21,0.0,Gifts,Gift Sets,paid_social,CA
ORD-00663,CUST-0170,2024-01-08,71.27,18.29,Beauty & Wellness,Haircare,paid_social,CA
ORD-00664,CUST-0171,2023-06-22,34.21,3.93,Beauty & Wellness,Haircare,paid_social,IL
ORD-00665,CUST-0172,2023-08-29,58.74,17.07,Fitness,Nutrition,paid_social,FL
ORD-00666,CUST-0172,2023-11-28,54.1,15.46,Fitness,Nutrition,paid_social,FL
ORD-00667,CUST-0172,2024-04-09,59.24,17.18,Fitness,Nutrition,paid_social,FL
ORD-00668,CUST-0173,2023-03-03,70.92,11.19,Fitness,Recovery,paid_social,CA
ORD-00669,CUST-0173,2023-09-22,36.69,0.0,Apparel,Accessories,paid_social,CA
ORD-00670,CUST-0174,2023-09-01,61.73,0.0,Apparel,Bottoms,organic_search,CA
ORD-00671,CUST-0175,2024-02-21,78.37,0.0,Home & Kitchen,Linens,paid_social,GA
ORD-00672,CUST-0176,2023-06-16,44.73,11.97,Beauty & Wellness,Supplements,paid_social,CA
ORD-00673,CUST-0176,2023-07-28,35.01,9.56,Home & Kitchen,Small Appliances,paid_social,CA
ORD-00674,CUST-0176,2023-11-01,76.47,17.46,Beauty & Wellness,Skincare,paid_social,CA
ORD-00675,CUST-0177,2023-01-05,28.62,5.24,Gifts,Personalized,paid_social,CO
ORD-00676,CUST-0178,2023-01-09,81.06,20.71,Beauty & Wellness,Haircare,email,NY
ORD-00677,CUST-0178,2023-05-16,67.6,12.38,Gifts,Seasonal,email,NY
ORD-00678,CUST-0178,2023-06-24,33.15,4.97,Beauty & Wellness,Skincare,email,NY
ORD-00679,CUST-0178,2023-11-09,82.21,23.51,Beauty & Wellness,Haircare,email,NY
ORD-00680,CUST-0178,2023-11-21,60.37,7.36,Beauty & Wellness,Bath & Body,email,NY
ORD-00681,CUST-0179,2023-08-16,73.0,17.42,Apparel,Outerwear,referral,OH
ORD-00682,CUST-0180,2023-03-01,66.32,0.0,Apparel,Tops,paid_social,NY
ORD-00683,CUST-0180,2023-07-18,38.54,0.0,Apparel,Tops,paid_social,NY
ORD-00684,CUST-0181,2023-03-15,35.37,3.67,Fitness,Nutrition,paid_social,FL
ORD-00685,CUST-0181,2023-04-01,48.89,13.87,Fitness,Apparel,paid_social,FL
ORD-00686,CUST-0181,2023-06-05,60.9,15.99,Fitness,Recovery,paid_social,FL
ORD-00687,CUST-0182,2023-12-07,49.26,0.0,Apparel,Tops,paid_social,WA
ORD-00688,CUST-0182,2024-01-10,65.18,17.02,Beauty & Wellness,Skincare,paid_social,WA
ORD-00689,CUST-0182,2024-01-23,47.75,13.17,Apparel,Tops,paid_social,WA
ORD-00690,CUST-0183,2023-10-19,75.47,19.6,Fitness,Apparel,organic_search,CA
ORD-00691,CUST-0183,2023-11-19,55.93,0.0,Fitness,Nutrition,organic_search,CA
ORD-00692,CUST-0184,2023-06-16,67.34,15.56,Apparel,Outerwear,paid_social,GA
ORD-00693,CUST-0184,2023-08-10,59.38,0.0,Gifts,Bundles,paid_social,GA
ORD-00694,CUST-0184,2023-09-03,74.04,19.5,Apparel,Tops,paid_social,GA
ORD-00695,CUST-0184,2023-10-04,79.08,0.0,Apparel,Accessories,paid_social,GA
ORD-00696,CUST-0185,2023-06-16,39.95,0.0,Beauty & Wellness,Haircare,paid_social,GA
ORD-00697,CUST-0185,2023-12-05,47.54,10.51,Beauty & Wellness,Skincare,paid_social,GA
ORD-00698,CUST-0186,2023-07-13,72.53,15.0,Home & Kitchen,Bar & Entertaining,paid_social,FL
ORD-00699,CUST-0186,2023-10-27,52.65,0.0,Apparel,Tops,paid_social,FL
ORD-00700,CUST-0187,2024-01-09,64.14,12.12,Fitness,Nutrition,paid_social,TX
ORD-00701,CUST-0187,2024-04-04,78.94,12.83,Apparel,Tops,paid_social,TX
ORD-00702,CUST-0188,2023-09-26,49.84,10.09,Apparel,Outerwear,paid_social,CA
ORD-00703,CUST-0189,2024-02-07,61.82,18.54,Fitness,Recovery,paid_social,FL
ORD-00704,CUST-0189,2024-04-14,21.87,5.91,Apparel,Outerwear,paid_social,FL
ORD-00705,CUST-0190,2023-11-17,58.78,0.0,Beauty & Wellness,Supplements,paid_social,TX
ORD-00706,CUST-0191,2023-11-11,60.26,8.18,Home & Kitchen,Cookware,paid_social,TX
ORD-00707,CUST-0192,2023-05-31,46.74,10.0,Apparel,Accessories,paid_social,WA
ORD-00708,CUST-0193,2024-01-13,65.35,12.07,Fitness,Equipment,paid_social,TX
ORD-00709,CUST-0194,2023-01-31,39.23,0.0,Gifts,Personalized,paid_social,OH
ORD-00710,CUST-0194,2023-04-03,53.08,6.38,Home & Kitchen,Bar & Entertaining,paid_social,OH
ORD-00711,CUST-0194,2023-08-07,38.16,0.0,Apparel,Accessories,paid_social,OH
ORD-00712,CUST-0195,2023-03-04,70.72,0.0,Fitness,Recovery,paid_social,IL
ORD-00713,CUST-0195,2023-09-19,94.73,9.86,Fitness,Nutrition,paid_social,IL
ORD-00714,CUST-0196,2023-12-10,61.41,13.37,Apparel,Outerwear,paid_social,CA
ORD-00715,CUST-0197,2023-03-05,80.24,10.92,Beauty & Wellness,Supplements,paid_social,MA
ORD-00716,CUST-0197,2023-03-24,58.51,0.0,Beauty & Wellness,Supplements,paid_social,MA
ORD-00717,CUST-0197,2023-09-07,45.88,4.97,Beauty & Wellness,Bath & Body,paid_social,MA
ORD-00718,CUST-0198,2024-02-01,58.98,17.02,Beauty & Wellness,Supplements,paid_social,MA
ORD-00719,CUST-0199,2023-08-19,49.03,9.17,Gifts,Bundles,email,OH
ORD-00720,CUST-0199,2023-11-16,55.15,6.41,Beauty & Wellness,Supplements,email,OH
ORD-00721,CUST-0199,2023-12-06,77.84,10.5,Beauty & Wellness,Haircare,email,OH
ORD-00722,CUST-0199,2023-12-18,71.35,14.43,Beauty & Wellness,Bath & Body,email,OH
ORD-00723,CUST-0199,2024-02-01,61.11,16.07,Beauty & Wellness,Skincare,email,OH
ORD-00724,CUST-0199,2024-02-21,74.82,12.46,Beauty & Wellness,Supplements,email,OH
ORD-00725,CUST-0200,2023-02-24,49.86,0.0,Fitness,Equipment,direct,IL
ORD-00726,CUST-0200,2024-02-12,34.05,6.11,Fitness,Recovery,direct,IL
ORD-00727,CUST-0200,2024-03-02,60.44,16.3,Apparel,Accessories,direct,IL
ORD-00728,CUST-0201,2023-07-10,62.64,0.0,Home & Kitchen,Small Appliances,paid_social,TX
ORD-00729,CUST-0201,2023-08-31,56.87,9.83,Home & Kitchen,Linens,paid_social,TX
ORD-00730,CUST-0201,2023-11-24,86.52,11.16,Beauty & Wellness,Skincare,paid_social,TX
ORD-00731,CUST-0202,2023-01-09,48.91,6.13,Apparel,Bottoms,direct,WA
ORD-00732,CUST-0202,2023-06-09,68.11,18.87,Apparel,Tops,direct,WA
ORD-00733,CUST-0202,2023-11-15,48.49,14.28,Fitness,Apparel,direct,WA
ORD-00734,CUST-0203,2023-07-27,76.53,16.03,Apparel,Accessories,paid_social,NY
ORD-00735,CUST-0204,2023-07-14,75.44,18.12,Home & Kitchen,Small Appliances,paid_social,IL
ORD-00736,CUST-0204,2024-01-09,61.98,8.04,Home & Kitchen,Bar & Entertaining,paid_social,IL
ORD-00737,CUST-0205,2023-01-27,58.97,17.58,Fitness,Recovery,direct,GA
ORD-00738,CUST-0205,2023-05-04,62.62,0.0,Fitness,Equipment,direct,GA
ORD-00739,CUST-0205,2023-05-08,76.32,15.93,Fitness,Apparel,direct,GA
ORD-00740,CUST-0205,2023-09-15,81.55,14.67,Fitness,Recovery,direct,GA
ORD-00741,CUST-0205,2023-09-17,55.12,9.45,Fitness,Nutrition,direct,GA
ORD-00742,CUST-0205,2023-09-19,66.33,15.18,Fitness,Apparel,direct,GA
ORD-00743,CUST-0205,2024-03-12,67.88,11.55,Fitness,Nutrition,direct,GA
ORD-00744,CUST-0206,2023-08-18,52.06,15.22,Home & Kitchen,Bar & Entertaining,paid_social,OH
ORD-00745,CUST-0207,2023-04-11,58.48,10.38,Beauty & Wellness,Bath & Body,paid_social,MA
ORD-00746,CUST-0207,2023-06-23,58.96,15.22,Home & Kitchen,Bar & Entertaining,paid_social,MA
ORD-00747,CUST-0207,2023-12-06,35.18,10.42,Beauty & Wellness,Supplements,paid_social,MA
ORD-00748,CUST-0207,2023-12-28,42.68,8.05,Home & Kitchen,Bar & Entertaining,paid_social,MA
ORD-00749,CUST-0208,2023-11-27,60.01,6.35,Fitness,Nutrition,email,TX
ORD-00750,CUST-0209,2023-03-09,61.92,8.69,Apparel,Accessories,paid_social,GA
ORD-00751,CUST-0209,2023-08-03,54.75,10.97,Apparel,Bottoms,paid_social,GA
ORD-00752,CUST-0209,2023-10-22,53.39,0.0,Beauty & Wellness,Skincare,paid_social,GA
ORD-00753,CUST-0209,2023-11-11,76.0,0.0,Apparel,Outerwear,paid_social,GA
ORD-00754,CUST-0209,2024-01-17,58.31,7.74,Apparel,Tops,paid_social,GA
ORD-00755,CUST-0210,2023-02-12,85.34,14.74,Gifts,Bundles,paid_social,FL
ORD-00756,CUST-0210,2023-04-10,48.02,7.27,Home & Kitchen,Linens,paid_social,FL
ORD-00757,CUST-0210,2023-06-06,70.61,0.0,Apparel,Bottoms,paid_social,FL
ORD-00758,CUST-0210,2024-01-23,55.54,0.0,Apparel,Outerwear,paid_social,FL
ORD-00759,CUST-0211,2023-06-13,66.81,17.62,Gifts,Personalized,paid_social,GA
ORD-00760,CUST-0212,2023-04-13,71.92,0.0,Fitness,Nutrition,organic_search,FL
ORD-00761,CUST-0212,2023-11-01,60.9,12.35,Fitness,Apparel,organic_search,FL
ORD-00762,CUST-0212,2023-11-05,63.03,0.0,Fitness,Equipment,organic_search,FL
ORD-00763,CUST-0213,2023-01-24,49.75,13.06,Fitness,Equipment,paid_social,GA
ORD-00764,CUST-0213,2024-01-04,60.61,12.73,Fitness,Apparel,paid_social,GA
ORD-00765,CUST-0214,2023-12-08,55.6,15.71,Fitness,Apparel,paid_social,IL
ORD-00766,CUST-0215,2023-08-15,43.2,0.0,Fitness,Apparel,paid_social,MA
ORD-00767,CUST-0216,2023-01-03,20.74,3.43,Apparel,Accessories,paid_social,NY
ORD-00768,CUST-0216,2023-02-04,44.76,11.11,Gifts,Seasonal,paid_social,NY
ORD-00769,CUST-0216,2023-03-02,61.72,12.56,Apparel,Outerwear,paid_social,NY
ORD-00770,CUST-0216,2023-06-26,43.33,6.16,Beauty & Wellness,Haircare,paid_social,NY
ORD-00771,CUST-0217,2024-02-25,101.63,0.0,Apparel,Tops,paid_social,OH
ORD-00772,CUST-0217,2024-03-22,125.73,0.0,Apparel,Bottoms,paid_social,OH
ORD-00773,CUST-0218,2024-02-06,94.85,0.0,Home & Kitchen,Linens,email,IL
ORD-00774,CUST-0219,2024-03-15,113.82,0.0,Beauty & Wellness,Haircare,email,FL
ORD-00775,CUST-0220,2024-04-10,182.5,0.0,Beauty & Wellness,Supplements,paid_social,FL
ORD-00776,CUST-0221,2024-03-13,133.96,0.0,Beauty & Wellness,Supplements,paid_social,TX
ORD-00777,CUST-0221,2024-04-21,93.78,0.0,Beauty & Wellness,Haircare,paid_social,TX
ORD-00778,CUST-0222,2024-04-06,114.96,0.0,Beauty & Wellness,Supplements,direct,FL
ORD-00779,CUST-0222,2024-04-13,150.22,0.0,Beauty & Wellness,Bath & Body,direct,FL
ORD-00780,CUST-0222,2024-04-19,122.0,0.0,Beauty & Wellness,Haircare,direct,FL
ORD-00781,CUST-0223,2024-02-07,79.38,0.0,Apparel,Outerwear,organic_search,CA
ORD-00782,CUST-0223,2024-02-10,147.87,0.0,Apparel,Tops,organic_search,CA
ORD-00783,CUST-0223,2024-02-12,126.88,0.0,Home & Kitchen,Bar & Entertaining,organic_search,CA
ORD-00784,CUST-0223,2024-02-17,135.78,0.0,Apparel,Tops,organic_search,CA
ORD-00785,CUST-0223,2024-04-27,133.24,0.0,Apparel,Outerwear,organic_search,CA
ORD-00786,CUST-0224,2024-03-21,139.23,0.0,Home & Kitchen,Cookware,direct,CA
ORD-00787,CUST-0225,2024-04-17,102.85,0.0,Apparel,Outerwear,referral,NY
ORD-00788,CUST-0226,2024-02-14,149.92,0.0,Gifts,Personalized,paid_social,CO
ORD-00789,CUST-0226,2024-03-11,190.14,0.0,Apparel,Outerwear,paid_social,CO
ORD-00790,CUST-0226,2024-03-31,125.02,0.0,Apparel,Tops,paid_social,CO
ORD-00791,CUST-0226,2024-04-13,174.75,0.0,Apparel,Accessories,paid_social,CO
ORD-00792,CUST-0226,2024-04-18,156.65,0.0,Apparel,Accessories,paid_social,CO
ORD-00793,CUST-0227,2024-02-12,105.35,0.0,Apparel,Accessories,organic_search,CA
ORD-00794,CUST-0228,2024-03-03,119.24,0.0,Beauty & Wellness,Supplements,direct,FL
ORD-00795,CUST-0228,2024-04-03,56.55,0.0,Home & Kitchen,Bar & Entertaining,direct,FL
ORD-00796,CUST-0229,2024-04-13,125.29,24.59,Fitness,Nutrition,direct,CA
ORD-00797,CUST-0230,2024-02-03,113.77,0.0,Home & Kitchen,Linens,organic_search,GA
ORD-00798,CUST-0231,2024-04-27,125.75,25.78,Gifts,Gift Sets,paid_social,OH
ORD-00799,CUST-0232,2024-02-11,125.85,0.0,Home & Kitchen,Cookware,organic_search,NY
ORD-00800,CUST-0233,2024-03-11,138.8,0.0,Beauty & Wellness,Haircare,paid_social,TX
ORD-00801,CUST-0234,2024-02-01,174.49,0.0,Fitness,Equipment,paid_social,FL
ORD-00802,CUST-0234,2024-04-08,69.23,0.0,Fitness,Recovery,paid_social,FL
ORD-00803,CUST-0234,2024-04-16,119.07,0.0,Gifts,Seasonal,paid_social,FL
ORD-00804,CUST-0235,2024-04-13,136.64,0.0,Apparel,Tops,organic_search,FL
ORD-00805,CUST-0235,2024-04-29,213.37,0.0,Beauty & Wellness,Supplements,organic_search,FL
ORD-00806,CUST-0236,2024-04-23,130.73,0.0,Beauty & Wellness,Supplements,organic_search,NY
ORD-00807,CUST-0237,2024-04-18,82.25,0.0,Apparel,Outerwear,email,FL
ORD-00808,CUST-0237,2024-04-20,136.43,0.0,Apparel,Accessories,email,FL
ORD-00809,CUST-0238,2024-02-28,148.29,38.98,Beauty & Wellness,Supplements,email,FL
ORD-00810,CUST-0238,2024-04-08,152.58,0.0,Home & Kitchen,Bar & Entertaining,email,FL
ORD-00811,CUST-0238,2024-04-20,115.76,0.0,Beauty & Wellness,Skincare,email,FL
ORD-00812,CUST-0238,2024-04-21,142.42,0.0,Home & Kitchen,Linens,email,FL
ORD-00813,CUST-0239,2024-02-02,99.51,0.0,Home & Kitchen,Bar & Entertaining,paid_social,FL
ORD-00814,CUST-0239,2024-03-16,160.41,0.0,Apparel,Tops,paid_social,FL
ORD-00815,CUST-0239,2024-04-06,100.78,0.0,Fitness,Equipment,paid_social,FL
ORD-00816,CUST-0240,2024-02-01,247.07,52.44,Apparel,Accessories,direct,TX
ORD-00817,CUST-0241,2024-04-22,154.92,0.0,Beauty & Wellness,Supplements,paid_social,CO
ORD-00818,CUST-0241,2024-04-22,115.63,0.0,Apparel,Outerwear,paid_social,CO
ORD-00819,CUST-0242,2024-04-11,65.61,0.0,Home & Kitchen,Linens,paid_social,CO
ORD-00820,CUST-0242,2024-04-26,115.44,0.0,Beauty & Wellness,Bath & Body,paid_social,CO
ORD-00821,CUST-0243,2024-01-29,86.7,0.0,Fitness,Equipment,direct,NY
ORD-00822,CUST-0244,2023-09-10,54.43,0.0,Gifts,Seasonal,paid_social,CO
ORD-00823,CUST-0245,2023-12-20,98.31,0.0,Gifts,Gift Sets,paid_social,NY
ORD-00824,CUST-0246,2023-05-07,76.92,0.0,Beauty & Wellness,Skincare,paid_social,FL
ORD-00825,CUST-0247,2024-02-12,70.36,15.54,Beauty & Wellness,Haircare,paid_social,GA
ORD-00826,CUST-0248,2024-01-07,63.02,0.0,Gifts,Gift Sets,paid_social,CO
ORD-00827,CUST-0249,2023-02-23,49.55,0.0,Beauty & Wellness,Skincare,organic_search,CA
ORD-00828,CUST-0250,2024-03-27,74.31,14.55,Gifts,Gift Sets,paid_social,NY
ORD-00829,CUST-0251,2023-05-22,44.82,0.0,Gifts,Bundles,paid_social,WA
ORD-00830,CUST-0252,2023-01-06,80.38,0.0,Fitness,Apparel,direct,FL
ORD-00831,CUST-0253,2023-07-04,90.25,0.0,Home & Kitchen,Cookware,paid_social,NY
ORD-00832,CUST-0254,2023-02-03,73.98,0.0,Gifts,Seasonal,paid_social,WA
ORD-00833,CUST-0255,2023-09-08,77.8,0.0,Gifts,Gift Sets,paid_social,CA
ORD-00834,CUST-0256,2023-06-21,64.59,0.0,Gifts,Personalized,paid_social,FL
ORD-00835,CUST-0257,2024-03-08,68.98,0.0,Fitness,Equipment,referral,FL
ORD-00836,CUST-0258,2023-03-02,47.56,0.0,Fitness,Recovery,direct,OH
ORD-00837,CUST-0259,2024-02-03,59.45,0.0,Gifts,Gift Sets,paid_social,OH
ORD-00838,CUST-0260,2024-03-29,52.65,11.33,Beauty & Wellness,Bath & Body,paid_social,CA
ORD-00839,CUST-0261,2023-08-10,44.62,0.0,Fitness,Equipment,email,MA
ORD-00840,CUST-0262,2023-10-22,55.12,0.0,Fitness,Apparel,paid_social,OH
ORD-00841,CUST-0263,2024-03-16,53.66,15.78,Gifts,Personalized,paid_social,FL
ORD-00842,CUST-0264,2023-02-26,76.62,0.0,Gifts,Gift Sets,paid_social,CA
ORD-00843,CUST-0265,2024-03-09,59.68,6.79,Gifts,Gift Sets,paid_social,CA
ORD-00844,CUST-0266,2023-11-08,73.1,0.0,Gifts,Seasonal,paid_social,CA
ORD-00845,CUST-0267,2023-08-26,61.41,0.0,Gifts,Gift Sets,organic_search,TX
ORD-00846,CUST-0268,2023-10-29,80.06,0.0,Gifts,Seasonal,paid_social,TX
ORD-00847,CUST-0269,2023-12-26,56.75,0.0,Beauty & Wellness,Bath & Body,paid_social,CA
ORD-00848,CUST-0270,2023-11-27,49.31,0.0,Apparel,Outerwear,organic_search,IL
ORD-00849,CUST-0271,2023-11-02,71.18,0.0,Home & Kitchen,Linens,paid_social,CO
ORD-00850,CUST-0272,2024-02-26,59.31,5.96,Gifts,Personalized,paid_social,NY
ORD-00851,CUST-0273,2023-12-09,104.62,20.68,Apparel,Bottoms,referral,FL
ORD-00852,CUST-0274,2023-08-27,84.17,17.27,Gifts,Bundles,paid_social,WA
ORD-00853,CUST-0275,2024-01-01,73.71,0.0,Home & Kitchen,Bar & Entertaining,email,OH
ORD-00854,CUST-0276,2023-05-13,70.49,11.79,Gifts,Gift Sets,paid_social,GA
ORD-00855,CUST-0277,2023-02-01,52.2,0.0,Beauty & Wellness,Supplements,paid_social,TX
ORD-00856,CUST-0278,2023-09-17,67.4,0.0,Gifts,Seasonal,paid_social,OH
ORD-00857,CUST-0279,2023-05-18,75.56,0.0,Apparel,Tops,paid_social,OH
ORD-00858,CUST-0280,2023-05-14,55.68,0.0,Fitness,Nutrition,paid_social,WA
